resort,region,country,latitude,longitude,rating,beginner,intermediate,advanced,elev_base,elev_summit,elev_vertical,longest_run,snow_making,lifts_double,lifts_quad,lifts_surface,terrain_apres,terrain_family,terrain_allmnt,terrain_park,ratingcount
49-degrees-north,washington,usa,48.301098,-117.56292,3.1,0.3,0.4,0.25,3932,5774,1851,2,0,5,1,1,2.1,3.7,2.6,2.3,56
afton-alps,minnesota,usa,44.854465,-92.790695,3.1,0.42,0.42,0.17,1180,1530,350,0.5,250,14,1,4,2,3.7,2.6,2.4,44
alpental,washington,usa,47.444153,-121.42593,3.1,0.04,0.17,0.38,3140,5420,2280,1.2,0,3,0,1,2,3.5,2.7,2.1,42
alpine-valley,ohio,usa,41.526871,-81.259743,3.1,0.33,0.34,0.33,1260,1500,230,0.2,72,1,1,1,2,3.7,2.6,2.2,21
alpine-valley-resort,wisconsin,usa,42.735817,-88.42807,3.1,0.4,0.4,0.2,1020,1260,388,0.2,90,1,0,5,2,3.5,2.4,2.4,62
alpine-valley-ski-area,michigan,usa,42.652969,-83.523041,3.2,0.34,0.36,0.3,126,500,240,0.2,100,5,1,6,2.1,3.7,2.7,2.3,23
alta-ski-area,utah,usa,40.590809,-111.62876,3.8,0.25,0.4,0.35,8530,10550,2020,1.3,50,3,0,4,2.9,3.6,3.8,2.8,118
alyeska-resort,alaska,usa,60.970444,-149.09872,3.1,0.11,0.52,0.37,250,2750,2500,1,480,0,2,2,2,3.5,2.6,2.2,37
andes-tower-hills-ski-area,minnesota,usa,45.850975,-95.630501,2.6,0.25,0.25,0.44,1330,1620,290,0.2,35,0,1,2,1.4,3.3,2.4,2.1,13
angel-fire-resort,new-mexico,usa,36.387672,-105.27328,3.3,0.21,0.56,0.23,8600,10677,2077,3,230,3,0,2,2.3,3.6,2.7,2.7,95
anthony-lakes-mountain-resort,oregon,usa,44.999367,-118.05424,3.2,0.2,0.38,0,7100,8000,900,1.5,0,0,0,2,2,3.7,2.7,2.4,12
apex-mountain,british-columbia,can,52.215,-117.82166,3.2,NA,NA,NA,5197,7198,2001,3.1,60,0,0,2,2.2,3.7,3,2.5,20
appalachian-ski-mtn,north-carolina,usa,36.174412,-81.66256,3.2,0.25,0.5,0.25,3635,4000,365,0.5,27,1,2,2,2.1,3.8,2.6,2.4,35
apple-mountain,michigan,usa,43.471996,-84.101715,2.7,0.4,0.4,0.2,600,820,220,0,42,0,1,5,1.6,3.5,2.4,2.2,4
arapahoe-basin-ski-area,colorado,usa,39.642311,-105.87168,3.4,0.1,0.3,0.37,10780,13050,2270,1.5,125,3,1,2,2.3,3.7,3,2.4,107
arizona-snowbowl,arizona,usa,35.330887,-111.7103,3.1,0.22,0.53,0.24,9200,11500,2300,2,104,2,1,2,2.1,3.6,2.7,2.4,82
aspen-snowmass,colorado,usa,39.202946,-106.965,4.3,0.1,0.43,0.19,7880,12510,4406,5.3,658,10,2,12,4,4,4.2,4,45
attitash,new-hampshire,usa,44.082783,-71.229401,3.2,0.26,0.46,0.28,600,2350,1750,3,240,3,1,1,2.2,3.7,2.8,2.4,36
bear-creek-mountain-resort,pennsylvania,usa,40.475334,-75.625298,3.2,0.3,0.4,0.3,600,1100,510,1,86,0,3,2,2.4,3.6,2.3,2.5,55
bear-mountain,california,usa,34.229057,-116.86095,3.3,0.42,0.39,0.03,7140,8805,1665,1.5,198,3,3,3,2.2,3.7,2.8,2.5,40
bear-valley,california,usa,38.492558,-120.04422,3.4,0.25,0.4,0.35,6600,8500,1900,1.2,100,6,0,1,2.2,3.9,3.1,2.6,39
beaver-creek,colorado,usa,39.604225,-106.51652,3.8,0.19,0.43,0.21,8100,11440,3340,2,680,2,0,9,3.6,3.9,3.8,3.5,83
beaver-mountain,utah,usa,41.964096,-111.55799,3.3,0.35,0.4,0.25,7232,8600,1600,0.8,0,3,0,1,2.2,3.8,2.7,2.3,15
beech-mountain-resort,north-carolina,usa,36.195288714285056,-81.87757654655398,3.2,0.3,0.4,0.3,4675,5505,830,1,95,4,1,1,2.2,3.7,2.7,2.5,71
belleayre,new-york,usa,42.132244,-74.50531,3.3,0.22,0.58,0.1,2025,3429,1404,2.2,164,2,1,3,2.1,3.8,2.8,2.4,73
berkshire-east,massachusetts,usa,42.622665,-72.87838,3.1,0.37,0.44,0.17,540,1720,1180,2,150,1,2,2,2,3.7,2.7,2.3,26
big-bear,pennsylvania,usa,41.522423,-75.023575,NA,NA,NA,NA,NA,NA,NA,NA,NA,NA,NA,NA,NA,NA,NA,NA,NA
big-boulder,pennsylvania,usa,41.110004000000004,-75.65123,3.1,1,0,0,1700,2175,600,0,55,5,0,1,2.1,3.7,2.6,2.4,36
big-powderhorn-mountain,michigan,usa,46.509743,-90.0942,3.2,0.3,0.42,0.24,1200,1800,600,1,228,9,0,1,2.1,3.7,2.7,2.4,54
big-sky-resort,montana,usa,45.283436,-111.40037,3.9,0.15,0.25,0.42,6800,11166,4350,6,400,6,3,11,3.1,4.1,3.8,3.6,105
big-squaw-mountain-ski-resort,maine,usa,45.506718,-69.702019,3.2,0.33,0.34,0.33,1750,3200,660,0.8,NA,0,0,0,2.1,3.7,2.6,2.3,7
big-white,british-columbia,can,49.744446,-118.93528,3.8,NA,NA,NA,4948,7608,2549,4.5,0,3,0,5,3.4,3.9,3.8,3.4,47
bittersweet-ski-area,michigan,usa,42.467159,-85.75872,3.2,0.3,0.4,0.3,450,850,350,0.2,100,0,1,4,2.2,3.7,2.6,2.4,42
black-mountain,new-hampshire,usa,44.166679,-71.16378,3.1,0.33,0.34,0.08,1250,2350,1100,1.6,140,1,0,3,2.1,3.7,2.6,2.2,11
blackjack-ski-resort,michigan,usa,46.504238,-89.998184,3.2,0.16,0.32,0.44,385,850,465,1,86,4,0,2,1.9,3.3,2.7,2.4,19
blacktail-mountain-ski-area,montana,usa,48.014843,-114.36958,3.2,0.15,0.7,0.15,5236,6676,1440,0.7,0,2,0,1,2.2,3.8,2.7,2.2,13
blandford-ski-area,massachusetts,usa,42.194355,-72.911667,2.7,0.4,0.5,0.1,1035,1685,465,0.5,82,3,0,2,1.7,3.4,2.1,2.1,9
blue-hills-ski-area,massachusetts,usa,42.215359,-71.119278,3.1,0.13,0.25,0.62,326,635,309,0,60,1,0,3,1.8,3.7,2.5,2.3,9
blue-knob,pennsylvania,usa,40.28841,-78.561684,3.2,0.15,0.41,0.26,2074,3146,1072,2,84,2,0,1,2.1,3.7,2.7,2.3,42
blue-mountain,ontario,can,44.506718,-80.318512,2.9,NA,NA,NA,755,1476,722,1.1,0,1,1,5,2.5,3.6,2.5,2.5,37
blue-mountain-ski-area,pennsylvania,usa,40.822643,-75.512482,3.5,0.41,0.13,0.13,460,1600,1082,1.2,164,3,1,9,2.6,3.6,2.9,2.9,154
bluewood,washington,usa,46.091724,-117.85355,3.1,0.17,0.45,0.38,4545,5670,1125,2,0,0,0,1,1.9,3.7,2.6,2.2,22
bogus-basin,idaho,usa,43.764057,-116.10262,3.3,0.22,0.45,0.33,5800,7582,1800,1,390,3,0,0,2.2,3.8,2.8,2.5,40
bolton-valley,vermont,usa,44.42099,-72.850327,3.2,0.34,0.38,0.23,1446,3150,1704,0.6,90,3,2,1,2.1,3.7,2.7,2.3,34
boreal,california,usa,39.336452,-120.34984,3.1,0.3,0.55,0.15,7200,7700,500,1,200,1,1,2,2.2,3.5,2.7,2.7,37
boston-mills,ohio,usa,41.26487,-81.562607,3.1,0.2,0.4,0.4,631,871,264,0.3,40,2,0,2,2,3.5,2.4,2.3,37
bousquet-ski-area,massachusetts,usa,42.418007,-73.277199,3.2,0.34,0.33,0.33,1125,1875,750,1,98,3,0,2,2.1,3.7,2.7,2.3,9
boyne-highlands,michigan,usa,45.464725,-84.926537,3.3,0.35,0.29,0.35,745,1290,552,1.2,400,0,3,2,2.4,3.7,2.8,2.6,30
boyne-mountain-resort,michigan,usa,45.163033,-84.932198,3.3,0.29,0.41,0.29,620,1120,500,1,380,2,4,2,2.3,3.7,3,2.5,36
bradford-ski-area,massachusetts,usa,42.744728,-71.055817,3.1,0.1,0.8,0.1,1300,1548,248,0.3,48,0,0,8,1.9,3.6,2.5,2.1,7
brandywine,ohio,usa,40.066284,-82.947464,3,0.27,0.27,0.46,631,871,240,0.3,85,2,2,5,2,3.5,2.4,2.3,32
brantling-ski-slopes,new-york,usa,43.150124,-77.065735,2.7,0.3,0.4,0.3,600,850,250,0.1,16,0,0,5,1.7,3.4,2.2,1.9,14
breckenridge,colorado,usa,39.481655,-106.03835,4,0.11,0.31,0.24,9600,12998,3398,3.5,540,6,0,14,4,4,4,3.8,164
bretton-woods,new-hampshire,usa,44.258121,-71.441193,3.5,0.25,0.29,0.3,1600,3100,1500,2,400,1,1,3,2.6,4,3.3,2.7,64
brian-head-resort,utah,usa,37.70509,-112.8497,3.4,0.3,0.35,0.32,9600,11307,1707,0.6,216,1,0,1,2.2,3.9,2.9,2.9,51
bridger-bowl,montana,usa,45.818821,-110.90578,3.3,0.12,0.28,0.18,6100,8700,2600,3,100,2,1,0,2.1,3.8,2.8,2.3,32
brighton-resort,utah,usa,40.592529,-111.57763,3.5,0.21,0.39,0.25,8755,10500,1745,1.2,200,0,1,1,2.4,3.7,3.2,2.9,49
bristol-mountain,new-york,usa,42.746696,-77.401939,3.3,0.35,0.45,0.2,1000,2200,1200,2,148,1,1,1,2.1,3.7,2.7,2.6,54
bromley-mountain,vermont,usa,43.227852,-72.938713,3.2,0.3,0.36,0.32,1950,3284,1334,2.5,155,4,1,2,2.1,3.8,2.7,2.3,24
bruce-mound,wisconsin,usa,44.445656,-90.784531,3.3,0.17,0.17,0.5,1000,1375,375,0.5,30,0,0,4,2,3.9,2.7,2.4,4
brundage-mountain-resort,idaho,usa,45.005402,-116.15441,3.2,0.2,0.5,0.1,5840,7640,1800,3.2,2,0,0,0,2.2,3.7,2.7,2.3,24
bryce-resort,virginia,usa,38.817463,-78.765694,3.1,0.38,0.5,0.13,1250,1750,500,0.4,25,1,1,5,2.2,3.6,2.7,2.2,22
buck-hill,minnesota,usa,44.723133,-93.287254,2.9,0.34,0.34,0.16,919,1225,309,0.2,45,0,2,5,1.8,3.5,2.5,2.4,22
buena-vista-ski-area,minnesota,usa,47.658035,-94.878891,3.1,0.2,0.55,0.25,1280,1510,230,772.2,30,2,0,2,2,3.6,2.5,2.2,5
buffalo-ski-club-ski-area,new-york,usa,42.680981,-78.692039,3.2,0.2,0.46,0,2025,3429,500,0,150,2,0,4,1.5,3.7,2.7,2.3,3
burke-mountain,vermont,usa,44.571167,-71.892319,3.2,0.11,0.46,0.34,1210,3267,2011,2.2,125,0,1,3,2.1,3.7,2.7,2.1,23
caberfae-peaks-ski-golf-resort,michigan,usa,44.244709,-85.720573,3.2,0.35,0.35,0.29,1060,1569,485,1.2,200,1,1,1,2.1,3.7,2.7,2.2,46
calabogie-peaks,ontario,can,45.27475,-76.781433,3.1,NA,NA,NA,505,1266,761,1.3,80,0,2,1,2,3.6,2.6,2.3,14
camden-snow-bowl,maine,usa,44.217274,-69.134666,3.1,0.09,0.3,0.61,150,1080,850,1,48,1,0,1,2.1,3.6,2.7,2.3,4
camelback-mountain-resort,pennsylvania,usa,41.051491,-75.355179,3.2,0.32,0.32,0.32,1250,2100,800,1,160,5,0,6,2.2,3.6,2.7,2.5,126
camp-fortune,quebec,can,45.510998,-75.851646,2.7,NA,NA,NA,23,650,627,0.3,95,0,4,3,1.7,3.3,2,2,13
campgaw-mountain,new-jersey,usa,41.054264,-74.19931,3.1,0.33,0.33,0.25,450,726,274,0.3,23,2,0,3,2,3.6,2.5,2.3,21
canaan-valley-resort,west-virginia,usa,39.024181,-79.465218,3.2,0.19,0.36,0.43,3430,4280,850,1.2,75,0,1,2,2.2,3.8,3.1,2.9,28
canada-olympic-park,alberta,can,51.082382,-114.21527,2.8,NA,NA,NA,3707,4101,394,0.4,90,0,1,4,1.5,3.5,2.5,2.3,2
cannon-mountain,new-hampshire,usa,44.156452,-71.698418,3.3,0.15,0.52,0.33,1900,4080,2180,2.3,191,1,2,3,2,3.6,2.8,2.2,50
cannonsburg,michigan,usa,43.053917,-85.469749,3.2,0.35,0.5,0.15,850,1100,250,0.1,0,1,1,7,2.2,3.6,2.6,2.4,58
cascade-mountain,wisconsin,usa,43.493038,-89.51873,3.2,0.39,0.39,0,820,1280,460,1.1,175,2,2,3,2.3,3.8,2.8,2.5,55
castle-mountain,alberta,can,51.327347,-115.96574,3.2,NA,NA,NA,4626,7457,2831,4.3,0,2,0,3,2.2,3.7,2.7,2.3,20
cataloochee-ski-area,north-carolina,usa,35.562439,-83.089966,3.2,0.44,0.39,0,4660,5400,740,1,50,1,1,2,1.8,3.6,2.5,2.2,61
catamount-ski-ride-area,new-york,usa,44.459213,-73.872368,3.2,0.36,0.44,0.14,1000,2000,1000,2,130,2,1,3,2.2,3.7,2.7,2.4,53
chestnut-mountain-resort,illinois,usa,42.319016,-90.393791,3.3,0.3,0.4,0.2,565,1040,475,0.2,139,0,2,3,2.2,3.8,2.7,2.5,35
christie-mountain,wisconsin,usa,45.509094,-91.380821,3.3,0.37,0.23,0.3,1300,1650,350,0.8,41,1,0,5,2.2,3.8,2.9,2.5,14
christmas-mountain,wisconsin,usa,43.608929,-89.860191,3.1,0.4,0.4,0.2,1000,1250,250,0.4,40,2,0,3,2,3.7,2.7,2.3,11
coffee-mill-ski-snowboard-resort,minnesota,usa,44.363663,-92.043488,2.8,0.35,0.29,0.07,725,1150,425,1,35,2,0,1,1.5,3.3,2.3,2.1,6
cooper-spur,oregon,usa,45.411629,-121.60583,3,0.4,0.6,0,3500,4000,350,0.1,0,1,0,1,1.9,3.5,2.5,2.2,12
copper-mountain-resort,colorado,usa,39.501419,-106.15163,3.8,0.21,0.25,0.36,9703,12313,2601,1.7,364,4,0,8,3.2,4,3.7,3.7,121
cranmore-mountain-resort,new-hampshire,usa,44.05685,-71.099594,3.2,0.28,0.44,0.28,600,2000,1200,1,192,1,1,2,2,3.8,2.5,2.5,20
crested-butte-mountain-resort,colorado,usa,38.899773,-106.96543,3.9,0.26,0.57,0.14,9100,12162,3062,2.6,297,2,2,5,3.3,3.9,3.7,3.3,72
crotched-mountain,new-hampshire,usa,42.998417,-71.873688,3.2,0.28,0.4,0.32,1050,2066,1016,1.2,100,1,1,1,2.1,3.8,2.7,2.5,32
crystal-mountain,michigan,usa,44.51939,-85.990906,3.4,0.22,0.48,0.3,757,1132,375,0.3,96,1,3,2,2.3,3.7,3.2,2.8,34
crystal-mountain-wa,washington,usa,46.928165,-121.50453,3.3,0.11,0.54,0.32,4400,7012,3100,2.5,10,2,1,1,2.2,3.7,2.9,2.3,88
cypress-mountain,british-columbia,can,49.396019,-123.20454,3.2,NA,NA,NA,3012,4751,2001,2.5,82,2,2,0,2.1,3.6,2.7,2.3,21
dartmouth-skiway,new-hampshire,usa,43.787746,-72.099541,3.2,0.21,0.5,0.25,974,1943,969,1.1,54,1,1,2,2,3.7,2.6,2.1,5
deer-mountain-ski-resort,south-dakota,usa,44.3091881143695,-103.81351455071506,3,0.29,0.48,0.24,6040,6850,940,1.6,50,1,0,2,2,3.6,2.5,2.1,10
deer-valley-resort,utah,usa,40.637352,-111.47828,4.2,0.27,0.41,0.27,6570,9570,3000,2.8,670,2,1,0,3.9,4.1,4,3.1,74
devils-head,wisconsin,usa,43.418003,-89.6269,3.2,0.3,0.4,0.3,495,995,500,1,260,6,3,2,2.2,3.7,2.7,2.4,83
diamond-peak,nevada,usa,39.254482,-119.91397,3.2,0.1,0.42,0.48,6700,8540,1840,2.5,492,3,2,1,2.1,3.7,2.7,2.3,22
discovery-ski-area,montana,usa,46.249615,-113.23845,3.1,0.2,0.25,0.25,5770,8150,2380,1.5,19,2,0,1,1.9,3.7,2.6,2.2,18
dodge-ridge,california,usa,38.139362,-120.02241,3.3,0.2,0.4,0.4,6600,8200,1600,2,0,5,1,4,2.2,3.8,2.8,2.5,63
donner-ski-ranch,california,usa,39.318256,-120.33009,3.4,0.25,0.5,0.25,7031,8012,750,1.5,60,5,0,2,2.3,3.9,2.8,2.3,71
dry-hill-ski-area,new-york,usa,43.931232,-75.90181,2.7,0.33,0.34,0.33,650,950,300,0.2,26,1,0,2,1.6,3.3,2.2,1.9,10
durango-mountain-resort,colorado,usa,37.630268,-107.81405,3.5,0.2,0.45,0.3,8793,10822,2029,1.3,250,3,0,2,2.8,3.9,3.3,3.1,81
eagle-point,utah,usa,38.320324,-112.38386,3.5,0.2,0.35,0.45,9100,10600,1500,0.9,0,2,1,1,2.5,3.9,3,2.6,12
eagle-rock,pennsylvania,usa,41.202682,-75.377785,3.1,0.5,0.07,0.43,1260,1810,550,1,0,3,0,0,2,3.7,2.6,2.3,12
eaglecrest-ski-area,alaska,usa,58.267502,-134.51401,3.2,0.2,0.4,0.3,1200,2600,1540,2,60,4,0,0,2.1,3.8,2.8,2.3,13
edelweiss-valley,quebec,can,45.648735,-75.852654,2.9,NA,NA,NA,499,1148,656,0.3,130,1,1,1,1.8,3.5,2.3,2.2,8
eldora-mountain-resort,colorado,usa,39.937222,-105.58268,3.1,0.21,0.51,0.19,9200,10800,1600,3,680,4,2,3,2.1,3.7,2.7,2.3,62
elk-mountain-ski-resort,pennsylvania,usa,41.720512,-75.559296,3.3,0.22,0.37,0.41,1693,2693,1000,0.7,146,5,1,1,2.1,3.7,2.8,2.3,96
elko-snobowl,nevada,usa,40.908905,-115.85204,2.2,0.08,0.9,0.01,6300,7000,700,1,2,1,0,1,1.2,2.7,1.9,1.6,1
elm-creek,minnesota,usa,45.138561,-93.437057,3.3,0.2,0.6,0,868,928,60,1,20,0,0,3,2.1,3.9,2.7,2.4,2
enchanted-forest-cross-countryski-area,new-mexico,usa,36.700184,-105.34792,2.8,0.3,0.5,0.02,9820,10078,400,2.5,0,0,0,0,1.6,3.3,2.5,2.2,6
fernie-alpine,british-columbia,can,49.463852,-115.08661,3.3,NA,NA,NA,3451,7001,3550,3.1,125,0,2,3,2.2,3.7,2.8,2.3,53
four-lakes,illinois,usa,41.782578,-88.08374,2.9,0.4,0.3,0.3,400,500,100,0.1,9,0,0,7,1.6,3.5,2,2.1,14
giants-ridge-resort,minnesota,usa,47.577988,-92.303749,3.1,0.31,0.44,0.25,1472,1972,500,1544.4,202,3,0,2,2,3.6,2.7,2.3,11
glen-eden,ontario,can,43.505001,-79.946106,3.2,NA,NA,NA,640,879,240,0.3,10,0,3,4,2.1,3.8,2.6,2.3,5
gore-mountain,new-york,usa,43.673279,-74.006844,3.3,0.1,0.51,0.34,998,3600,2537,4.5,425,2,2,4,2.1,3.7,2.8,2.4,59
grand-geneva,wisconsin,usa,42.610058,-88.404823,2.3,0.4,0.3,0.2,875,1086,211,0.2,30,3,0,3,1.6,2.9,1.9,1.8,13
grand-targhee-resort,wyoming,usa,43.787113,-110.9593,3.7,0.33,0.37,0.25,7851,9920,2270,2.7,0,1,1,1,2.4,3.8,3.3,2.9,58
granite-gorge,new-hampshire,usa,42.970978,-72.212044,2.8,0.35,0.35,0.15,800,1325,525,0.5,39,1,0,3,1.5,3.5,2.5,2.3,4
granite-peak-ski-area,wisconsin,usa,44.92503,-89.685196,3.2,0.3,0.35,0.3,1242,1942,700,0.6,160,0,0,2,2.3,3.7,2.8,2.6,97
great-divide,montana,usa,46.752888,-112.31357,3.2,0.1,0.45,0.45,5750,7330,1580,3,150,5,0,1,2.1,3.7,2.6,2.3,22
greek-peak,new-york,usa,42.512371,-76.147552,3.1,0.48,0.21,0.24,1148,2100,952,1.5,184,4,1,2,2,3.6,2.5,2.2,44
grouse-mountain,british-columbia,can,49.372288,-123.09949,3.1,NA,NA,NA,2890,4101,1260,0.6,156,0,2,1,2,3.6,2.6,2.2,17
gunstock,new-hampshire,usa,43.535385,-71.370087,3.2,0.12,0.61,0,900,2300,1400,1.5,176,0,2,2,2.1,3.7,2.7,2.4,27
heavenly-mountain-resort,california,usa,38.956814,-119.94266,3.5,0.2,0.45,0.3,6565,10067,3502,5.5,3360,3,1,8,3.5,3.6,3.6,3.3,127
hemlock-valley-resort,british-columbia,can,49.379936,-121.93549,3.3,NA,NA,NA,3199,4501,1299,0.8,NA,2,0,1,2.2,3.9,2.2,2.3,3
hickory-ski-center,new-york,usa,43.474411,-73.817345,3.1,0.3,0.3,0.4,700,1900,1200,1,0,0,0,3,2,3.7,2.7,2.3,6
hidden-valley,ontario,can,45.356102,-79.129684,3.1,NA,NA,NA,948,1276,328,0.4,0,0,3,1,2,3.7,2.4,2.2,2
hidden-valley-ski-area,missouri,usa,38.535316,-90.650688,3,0.3,0.35,0.35,2316,2566,310,0.1,30,0,2,3,2,3.6,2.5,2.2,23
hilltop-ski-area,alaska,usa,61.140846,-149.74496,3,0.8,0.1,0,1796,2090,294,1,30,0,0,2,2.2,3.6,2.5,2.2,3
hogadon,wyoming,usa,42.745285,-106.339,3,0.08,0.31,0.38,7400,8000,600,0.6,32,1,0,1,1.7,3.6,2.5,2.1,10
holiday-mountain,new-york,usa,41.629593,-74.614487,2.7,0.3,0.27,0.31,1150,1550,400,0.4,37,1,1,2,1.5,3.4,2.4,2.2,7
holiday-valley,new-york,usa,42.258453,-78.673851,3.3,0.34,0.28,0.37,1500,2250,750,1,266,0,8,2,2.3,3.8,2.8,2.5,53
holimont-ski-area,new-york,usa,42.273163,-78.689438,3.1,0.26,0.28,0.45,1560,2260,700,1.5,135,3,1,1,2.1,3.6,2.6,2.2,10
homewood-mountain-resort,california,usa,39.085583,-120.16054,3.2,0.15,0.5,0.25,6230,7880,1650,2,126,0,0,4,2.1,3.7,2.8,2.3,37
hoodoo-ski-area,oregon,usa,44.408756,-121.87138,3.2,0.3,0.3,0.4,4668,5703,1035,0.4,0,1,3,0,2.1,3.8,2.7,2.2,21
horseshoe-resort,ontario,can,44.550606,-79.672951,3,NA,NA,NA,1033,1332,308,0.4,61,0,0,8,2,3.6,2.6,2.3,18
howelsen-hill,colorado,usa,40.482349,-106.83405,3,0.2,0.3,0.5,6696,7136,440,6,25,1,0,3,1.9,3.5,2.5,2.2,5
hudson-bay-mountain,british-columbia,can,54.811668,-127.33972,3.1,NA,NA,NA,3750,5499,1749,0.8,40,0,0,3,1.6,3.7,2.7,2.2,7
hunt-hollow-ski-club,new-york,usa,42.646095,-77.478119,3.4,0.32,0.21,0.37,1000,2030,825,1,400,1,0,2,2.4,3.9,2.9,2.4,1
hunter-mountain,new-york,usa,42.177868,-74.230423,3.1,0.28,0.24,0.33,1600,3200,1600,2,240,2,2,3,2.1,3.5,2.6,2.3,89
hyland-ski-snowboard-area,minnesota,usa,44.843632,-93.363609,2.8,0.4,0.4,0.2,900,1075,175,1,35,0,2,5,1.9,3.5,2.3,2.2,16
indianhead-mountain,michigan,usa,46.500278,-89.97094,3.4,0.19,0.31,0.41,1297,1935,638,1,150,5,1,2,2.3,3.8,3,2.6,107
jack-frost,pennsylvania,usa,41.110004000000004,-75.65123,3.2,1,0,0,1400,2000,600,1,100,5,1,1,2,3.7,2.7,2.4,42
jackson-hole,wyoming,usa,43.479931,-110.76243,4,0.09,0.34,0.41,6311,10450,4139,4.5,160,1,4,0,3.5,3.7,4,3.3,78
jay-peak,vermont,usa,44.937939,-72.504517,3.5,0.2,0.4,0.4,1815,3968,2153,3,300,1,3,2,2.7,3.7,3.4,2.8,111
jiminy-peak,massachusetts,usa,42.54425,-73.286217,3.5,0.53,0.27,0.13,1230,2380,1150,2,163,1,2,2,2.6,4,3.1,2.7,67
june-mountain,california,usa,37.767918,-119.09063,3.3,0.35,0.45,0.2,7510,10174,2664,2,NA,4,0,1,2.1,3.8,2.8,2.4,24
kelly-canyon-ski-area,idaho,usa,43.644535,-111.63088,3.1,0.35,0.45,0.2,5600,6600,1000,1.3,0,4,0,2,1.6,3.7,2.2,2.1,9
keystone,colorado,usa,39.579166,-105.93474,4.1,0.14,0.29,0.57,9280,12408,3128,3.5,662,3,1,7,3.8,4.1,4.1,3.9,120
kicking-horse,british-columbia,can,51.288185,-116.83627,3.7,NA,NA,NA,3904,8038,4134,6.2,516,1,2,1,2.6,3.4,3.4,2.4,38
killington-resort,vermont,usa,43.619801,-72.802711,3.6,0.28,0.33,0.24,1165,4241,3050,6,500,1,4,6,3.2,3.7,3.4,3.3,174
kimberley,british-columbia,can,49.665157,-115.99672,3.4,NA,NA,NA,4035,6503,2467,4,120,1,0,2,2.2,3.8,3,2.5,18
king-pine,new-hampshire,usa,43.86808,-71.088905,2.8,0.44,0.31,0.1,500,850,350,0.3,45,0,0,3,1.6,3.5,2.5,2.3,8
kirkwood,california,usa,38.702309,-120.07224,3.6,0.12,0.3,0.38,7800,9800,2000,2.5,200,1,1,5,2.3,3.6,3.6,2.8,89
kissing-bridge,new-york,usa,42.60746,-78.652779,3.1,0.2,0.5,0.3,1150,1700,550,0.5,550,4,2,3,1.9,3.4,2.2,2.1,18
labrador-mt,new-york,usa,42.741791,-76.030212,2.9,0.33,0.34,0.33,1125,1825,700,1,237,2,0,1,1.6,3.3,2.3,2.2,14
lake-louise,alberta,can,51.425369,-116.17725,4.1,NA,NA,NA,5400,8652,3251,5,680,0,1,4,3.4,4.1,4.1,3.7,41
las-vegas-ski-and-snowboard-resort,nevada,usa,36.303761,-115.67963,NA,NA,NA,NA,NA,NA,NA,NA,NA,NA,NA,NA,NA,NA,NA,NA,NA
le-massif,quebec,can,47.284813,-70.569687,3.2,NA,NA,NA,118,2644,2526,3,60,0,0,2,2.1,3.7,2.8,2.3,21
lee-canyon,nevada,usa,36.30358184447736,-115.6797451033666,3.1,0.2,0.6,0.2,8510,11289,860,0.3,50,0,2,0,2.1,3.6,2.6,2.3,44
liberty,pennsylvania,usa,41.558407,-77.104691,3.1,0.35,0.4,0,570,1190,620,1,100,0,5,3,2,3.7,2.5,2.3,62
little-switzerland,wisconsin,usa,43.337837,-88.278931,2.7,0.39,0.33,0,1069,1269,200,1,50,4,0,4,1.8,3.4,2.2,2.1,4
loch-lomond,ontario,can,48.282024,-89.298737,2.3,NA,NA,NA,699,1450,751,1.5,51,2,1,0,1.2,2.9,2.1,1.7,3
lookout-pass-ski-area,idaho,usa,47.456024,-115.69725,3.2,0.09,0.5,0.32,4500,5650,1150,1.5,0,3,0,0,2.1,3.8,2.7,2.3,52
loon-mountain,new-hampshire,usa,44.035969,-71.621437,3.7,0.2,0.6,0.17,950,3050,2100,2.5,322,3,1,3,2.9,3.9,3.2,3.1,70
lost-trail-powder-mtn,montana,usa,45.693512,-113.95013,3,0.2,0.6,0.2,6400,8200,1800,2.5,0,5,0,0,1.8,3.5,2.5,2.2,19
lost-valley,maine,usa,44.134056,-70.282372,2.7,0.47,0.2,0.33,255,495,240,0.3,45,2,0,0,1.5,3.4,2.1,2.1,4
loveland,colorado,usa,39.680153,-105.897861,3.4,0.13,0.41,0.2,10800,13010,2210,2,160,2,3,2,2.1,3.7,3,2.3,82
lutsen-mountains,minnesota,usa,47.663712,-90.713554,3.3,0.1,0.58,0.24,800,1688,825,2,231,4,0,1,2.3,3.8,2.9,2.4,66
mad-river-glen,vermont,usa,44.202484,-72.917542,3.2,0.2,0.35,0.45,1600,3637,2037,1,16,2,0,1,2,3.6,2.7,2.1,26
mad-river-mountain,ohio,usa,40.317669,-83.677933,3.2,0.33,0.19,0.47,1160,1460,300,0.5,144,3,1,6,2.3,3.7,2.7,2.6,71
magic-mountain,vermont,usa,43.20171,-72.772644,3.3,0.3,0.3,0.15,1350,2850,1500,1.6,95,1,0,2,2.2,3.8,3,2.3,27
magic-mountain-ski-area,idaho,usa,42.188961,-114.28536,2.8,0.25,0.25,0.2,6500,7200,700,1.5,0,1,0,2,1.5,3.5,2.6,2.3,11
mammoth-mountain-ski-area,california,usa,37.650875,-119.0368,3.8,0.25,0.4,0.2,7953,11053,3100,3,700,4,1,3,3.2,3.8,3.9,3.7,114
manning-park-resort,british-columbia,can,49.063625,-120.78702,3.3,NA,NA,NA,4452,5869,1417,1.2,NA,2,0,2,0,3.8,0,0,1
maple-ski-ridge,new-york,usa,42.81776,-74.031616,2.4,0.11,0.44,0.44,750,1200,450,0.3,25,1,0,1,1.4,3,2.1,1.9,3
marmot-basin,alberta,can,52.801113,-118.08316,3.2,NA,NA,NA,5571,8570,3002,3.5,200,1,1,1,2.1,3.7,2.7,2.4,25
marquette-mountain,michigan,usa,46.508289,-87.420532,3.2,0.15,0.5,0.35,757,1357,600,0.7,143,2,0,1,2.1,3.7,2.7,2.4,15
massanutten,virginia,usa,38.409569,-78.737801,3.3,0.21,0.57,0.21,1750,2925,1110,0.8,70,0,3,4,2.2,3.7,2.8,2.7,35
massif-du-sud,quebec,can,46.621384,-70.489571,3.4,NA,NA,NA,1316,3002,1686,1.3,NA,0,1,1,2.2,3.9,3,2.5,2
maverick-mountain,montana,usa,45.433914,-113.12858,3.1,0.3,0.4,0.3,6500,8520,2020,1.3,0,1,0,1,2.1,3.6,2.7,2.3,4
mccauley-mountain-ski-center,new-york,usa,43.697193,-74.966156,3.3,0.26,0.43,0.3,1563,2250,633,0.3,55,1,0,4,2.1,3.8,2.9,2.5,13
meadowlark-ski-lodge,wyoming,usa,44.173958,-107.21377,3.1,0.3,0.3,0.2,8500,9500,1000,1.5,NA,1,0,1,2,3.6,2.2,2.3,2
mission-ridge,washington,usa,47.292446,-120.39977,3.2,NA,NA,NA,4570,6820,2250,0.8,66,3,0,2,2.1,3.7,2.7,2.3,28
mohawk-mountain,connecticut,usa,41.835487,-73.310951,3.2,0.3,0.5,0.2,950,1600,650,1.5,100,0,0,3,2.1,3.7,2.7,2.3,38
monarch-mountain,colorado,usa,38.511436,-106.33305,3.5,0.23,0.28,0.36,10790,11952,1162,1,0,4,1,1,2.4,3.8,3.2,2.9,48
mont-blanc,quebec,can,46.109032,-74.482742,3.1,NA,NA,NA,1214,1903,689,0.4,NA,0,3,2,1.2,3.6,2.2,1.7,6
mont-cascades,quebec,can,45.592876,-75.8489,2.9,NA,NA,NA,761,1286,525,0.8,55,2,1,1,1.8,3.4,2.4,2.1,4
mont-orford,quebec,can,45.317612,-72.221252,3.1,NA,NA,NA,1001,2799,1795,1,207,3,2,2,2,3.7,2.7,2.3,4
mont-ripley,michigan,usa,47.130348,-88.559715,2.7,0.21,0.29,0.42,700,1140,440,0.8,112,2,0,2,1.7,3.3,2.4,2.1,5
mont-saint-sauveur,quebec,can,45.881523,-74.150764,3.1,NA,NA,NA,666,1365,699,0.9,57,1,1,1,2.1,3.5,2.4,2.4,12
mont-sainte-anne,quebec,can,47.075352,-70.9049,3.3,NA,NA,NA,574,2625,2051,3.5,340,0,0,4,2.3,3.7,2.9,2.5,22
mont-ste-marie,quebec,can,45.941002,-75.874496,3.1,NA,NA,NA,561,1811,1250,2.2,100,0,0,1,2,3.7,2.7,2.3,17
mont-sutton,quebec,can,45.104729,-72.561836,3.2,NA,NA,NA,1312,3176,1509,1.8,126,6,2,1,2.1,3.7,2.7,2.3,19
montage-mountain,pennsylvania,usa,45.260461709977946,-111.36669967880356,3.4,0.35,0.3,0.2,960,1960,1000,1.2,140,1,1,2,2.5,3.8,3,2.8,124
montana-snowbowl,montana,usa,47.015575,-113.99763,3.2,0.2,0.4,0.4,5000,7600,2600,1.2,20,2,0,2,2.2,3.7,2.8,2.3,19
mount-ashland,oregon,usa,42.183144,-122.66694,3.2,0.05,0.2,0.5,6350,7500,1150,1,0,2,0,1,2.1,3.7,2.6,2.2,12
mount-baldy-ski-corporation,british-columbia,can,49.15295,-119.23641,3.1,NA,NA,NA,5666,6965,1299,0.5,0,1,1,1,2,3.7,2.8,2.3,5
mount-bohemia,michigan,usa,47.388588,-88.022171,3.7,0,0.01,0.88,600,1500,900,1.5,0,1,0,0,2.4,3.2,3.5,2.1,31
mount-brighton,michigan,usa,42.540783,-83.811554,3.1,0.3,0.4,0.3,1100,1330,230,0.1,130,0,2,7,2,3.6,2.6,2.3,26
mount-holiday-ski-area,michigan,usa,44.743477,-85.514351,3.1,0.3,0.4,0.3,240,440,200,0.1,45,2,0,2,2,3.7,2.7,2.3,7
mount-holly,michigan,usa,42.827934,-83.564308,3.2,0.3,0.5,0.2,755,1105,350,0.1,100,1,2,6,2.2,3.8,2.7,2.5,22
mount-kato-ski-area,minnesota,usa,44.133148,-94.033424,3,0.21,0.42,0.37,300,540,240,1,55,3,5,2,1.6,3.5,2.4,2.2,9
mount-la-crosse,wisconsin,usa,43.743626,-91.182976,3.1,0.3,0.2,0.4,594,1110,516,0.4,100,3,0,1,2,3.7,2.7,2.3,13
mount-peter-ski-area,new-york,usa,41.247799,-74.295189,3.2,0.43,0.21,0.21,750,1250,450,1,69,3,0,2,2,3.7,2.6,2.3,43
mount-pleasant-of-edinboro,pennsylvania,usa,41.85099,-80.07029,3.3,0.22,0.56,0.22,1200,1540,340,0.5,35,0,0,1,2.2,3.9,2.8,2.4,3
mount-seymour,british-columbia,can,49.393333,-122.94444,3.3,NA,NA,NA,3068,4150,1083,1,5,2,1,2,2.1,3.8,2.7,2.5,19
mount-shasta-board-ski-park,california,usa,41.321106,-122.2035,NA,NA,NA,NA,NA,NA,NA,NA,NA,NA,NA,NA,NA,NA,NA,NA,NA
mount-snow,vermont,usa,42.963684,-72.887527,3.4,0.14,0.73,0.13,1900,3600,1700,2,480,4,1,5,2.7,3.5,3.1,3.3,106
mount-southington-ski-area,connecticut,usa,41.582062,-72.924919,3.1,0.43,0.43,0.14,100,525,425,0.3,51,2,0,3,2,3.7,2.6,2.3,28
mount-sunapee,new-hampshire,usa,43.33189,-72.080139,3.1,0.26,0.49,0.25,1233,2743,1510,0.8,215,1,1,4,2.2,3.7,2.7,2.4,54
mountain-creek-resort,new-jersey,usa,41.190754,-74.505119,2.8,0.17,0.63,0.2,440,1480,1040,2,167,1,1,2,2.1,2.9,2.5,2.7,128
mountain-high,california,usa,34.376942,-117.69152,3.1,0.2,0.42,0.34,6600,8200,1600,1.6,275,5,2,3,2.1,3.6,2.7,2.4,63
mt-abram-ski-resort,maine,usa,44.379795,-70.706863,3.2,0.19,0.41,0.26,1050,2250,1150,0.5,175,2,0,3,2.1,3.7,2.7,2.3,14
mt-bachelor,oregon,usa,43.979168,-121.68861,3.3,0.14,0.35,0.3,5700,9065,3365,4,20,0,0,2,2.4,3.7,3.3,2.9,67
mt-baker,washington,usa,48.776688,-121.81441,3.4,0.24,0.45,0,3589,5089,1500,0.7,0,0,8,0,2.3,3.7,3,2.4,68
mt-baldy,california,usa,34.236382,-117.65897,3.1,0.2,0.4,0.2,6500,8600,2100,2.5,80,4,0,0,2,3.6,2.7,2.2,63
mt-crescent-ski-area,iowa,usa,41.391773,-95.857193,2.8,0.18,0.45,0.27,1200,1500,300,0.2,50,1,1,0,1.6,3.4,2.3,2.1,14
mt-hood-meadows,oregon,usa,45.331829,-121.6651,3.3,0.15,0.5,0.2,4523,7300,2777,3,0,6,0,2,2.2,3.7,2.9,2.6,76
mt-hood-ski-bowl,oregon,usa,45.294811,-121.77235,3.3,0.2,0.4,0.25,3600,5100,1500,3,29,4,0,5,2.3,3.7,3,2.7,33
mt-jefferson,maine,usa,45.353985,-68.283035,2,0.33,0.34,0.33,351,753,432,0.3,0,0,0,3,3,2.5,1.8,3,1
mt-pakenham,ontario,can,45.324665,-76.329895,3.1,NA,NA,NA,400,719,322,0.2,55,1,1,2,2,3.7,2.5,2.3,7
mt-rose-ski-tahoe,nevada,usa,39.328434,-119.88538,3.3,0.2,0.3,0.4,8260,9700,1800,2.5,330,0,2,2,2.2,3.8,2.8,2.5,35
mt-shasta-board-ski-park,california,usa,41.321702258235376,-122.20036917984382,3.2,0.2,0.55,0.25,5500,6890,1435,1.1,225,0,0,1,2.1,3.7,2.7,2.3,17
mt-spokane-ski-and-snowboard-park,washington,usa,47.921383,-117.09641,3,0.23,0.32,0.45,3818,5889,2000,0.6,0,5,0,0,2.1,3.5,2.4,2.3,22
mt-st-louis-moonstone,ontario,can,44.627666,-79.668579,3.1,NA,NA,NA,751,1253,499,0.4,165,0,3,3,2,3.7,2.7,2.4,36
mt-washington-alpine-resort,british-columbia,can,49.74123,-125.30342,3.1,NA,NA,NA,3625,5210,1657,1.2,0,1,2,4,2,3.7,2.7,2.2,18
mulligans-hollow-ski-bowl,michigan,usa,43.057789,-86.239716,0,0.25,0.25,0.25,570,700,130,0.2,10,0,0,5,0,0,0,0,NA
nakiska-ski-area,alberta,can,50.942703,-115.1511,3.1,NA,NA,NA,5003,7415,2411,1.9,960,1,0,2,2.1,3.7,2.6,2.3,26
nashoba-valley,massachusetts,usa,42.542564,-71.445038,3.1,0.24,0.47,0.29,200,440,240,0.5,52,1,0,7,2.1,3.7,2.5,2.3,17
new-hermon-mountain,maine,usa,44.780785,-68.957268,2.6,0.4,0.3,0.3,100,450,350,1.9,70,1,0,2,1.3,3.2,2.3,1.9,4
nordic-mountain,wisconsin,usa,44.119701,-89.174721,3.1,0.28,0.28,0.33,872,1137,265,1,60,1,0,5,2.1,3.7,2.6,2.3,20
nordic-valley-resort,utah,usa,41.30979127388468,-111.86214483328988,3.3,0.3,0.4,0.3,5440,6400,960,0.4,44,2,0,2,2.3,3.6,2.9,2.6,10
northstar-california,california,usa,39.274841,-120.12061,3.6,0.16,0.47,0.37,6330,8610,2280,1.4,1500,0,1,7,2.9,3.9,3.2,3.3,77
norway-mountain,michigan,usa,45.789494,-87.86985,3.3,0.06,0.33,0.33,835,1335,500,1.4,186,2,0,3,2.2,3.8,2.7,2.4,18
nubs-nob-ski-area,michigan,usa,45.471771,-84.904099,3.2,0.3,0.5,0.2,911,1338,427,0.9,248,2,3,1,2.1,3.7,2.7,2.4,43
oak-mountain,new-york,usa,43.518116,-74.362213,0,0.45,0.27,0.18,1750,2400,650,1.2,18,0,1,2,0,0,0,0,NA
ober-gatlinburg-ski-resort,tennessee,usa,35.708908,-83.521431,3.1,0.2,0.6,0.2,2700,3300,600,1,NA,1,2,1,2.1,3.6,2.5,2.2,33
okemo-mountain-resort,vermont,usa,43.401558,-72.717003,3.8,0.32,0.37,0.23,1144,3344,2200,4,654,0,5,7,2.9,4.1,3.4,3,100
otis-ridge-ski-area,massachusetts,usa,42.196384,-73.098396,2.8,0.3,0.4,0.3,1300,1700,400,1,55,1,0,3,1.3,3.5,2.5,1.8,5
owls-head,quebec,can,45.076603,-72.295189,3.1,NA,NA,NA,682,2470,1772,0.9,147,3,1,1,2,3.7,2.6,2.3,12
pajarito-mountain-ski-area,new-mexico,usa,35.895016,-106.39091,3.2,0.2,0.5,0.3,9031,10441,1410,0.6,35,3,1,1,2,3.7,2.8,2.3,22
panorama-mountain,british-columbia,can,50.460373,-116.23814,3.2,NA,NA,NA,3773,7759,4019,3.4,1140,1,2,3,2.1,3.7,2.7,2.3,20
paoli-peaks,indiana,usa,38.555504,-86.512276,3.2,0.47,0.33,0.13,600,900,300,0.4,65,1,1,2,2,3.7,2.6,2.3,30
park-city-mountain-resort,utah,usa,40.646061,-111.49797,3.7,0.09,0.51,0.3,6800,10000,3200,3.5,500,4,6,5,3.7,3.9,3.8,3.6,111
pats-peak,new-hampshire,usa,43.159439,-71.796043,3.2,0.5,0.21,0.11,690,1460,770,1.5,115,3,0,5,2.1,3.8,2.6,2.4,38
pebble-creek-ski-area,idaho,usa,42.778557,-112.15928,3.2,0.12,0.3,0.29,6360,8560,2200,1.3,30,0,0,0,2.2,3.7,2.8,2.3,25
peekn-peak,new-york,usa,42.062038,-79.735596,3.3,0.3,0.45,0.15,1400,1800,400,2.4,110,0,0,2,2.2,3.8,2.7,2.5,58
perfect-north-slopes,indiana,usa,39.147457,-84.885727,3.2,0.2,0.5,0.2,400,800,400,1,100,0,2,6,2.1,3.8,2.7,2.5,68
pico-mountain-at-killington,vermont,usa,43.65136,-72.840996,3.4,0.18,0.46,0.33,2000,3967,1967,4,156,2,0,1,2.4,3.9,3.2,2.6,29
pine-knob-ski-resort,michigan,usa,42.745632,-83.369102,3.2,0.2,0.2,0.4,1009,1308,300,1,80,0,0,6,2.1,3.7,2.6,2.4,10
pine-mountain,michigan,usa,45.839317,-88.088432,3.4,0.2,0.55,0.25,1150,1650,500,0.5,160,2,0,2,2.8,3.7,3.1,3.1,47
plattekill-mountain,new-york,usa,42.107311,-74.086525,3.2,0.2,0.4,0.2,2400,3500,1100,2,75,1,0,2,2.1,3.7,2.7,2.2,25
pomerelle-mountain-resort,idaho,usa,42.317986,-113.60775,3.2,0.4,0.4,0.2,8000,9000,1000,1.5,50,1,0,1,2.2,3.7,2.7,2.4,27
powder-mountain,utah,usa,41.382336,-111.76387,3.3,0.25,0.4,0.35,6900,9422,2522,3.5,0,0,4,3,2.2,3.7,3,2.4,68
powder-ridge-park,connecticut,usa,41.500523,-72.740746,3.3,0.42,0.37,0.21,170,720,550,0.5,68,2,0,2,2.1,3.8,2.5,2.3,1
powder-ridge-ski-area,minnesota,usa,45.343708,-94.305267,3.2,0.4,0.4,0.2,500,790,300,0,60,2,1,3,2.1,3.8,2.8,2.4,7
powderhorn,colorado,usa,38.276939,-107.09589,3.2,0.2,0.5,0.2,8200,9850,1650,1.5,21,2,0,1,2.1,3.7,2.7,2.3,22
ragged-mountain-resort,new-hampshire,usa,43.503231,-71.842697,3.1,0.23,0.3,0.39,1000,2250,1250,0.7,200,1,0,3,2.1,3.7,2.7,2.3,38
red-lodge-mountain,montana,usa,45.190807,-109.33642,3.2,0.18,0.28,0.35,7016,9416,2400,2.5,496,3,0,1,2.2,3.7,2.7,2.3,30
red-resort,british-columbia,can,49.102413,-117.81947,3.2,NA,NA,NA,3888,6808,2920,4.3,0,1,2,2,2.1,3.7,2.7,2.3,20
red-river,new-mexico,usa,36.708084,-105.40611,3.3,0.32,0.38,0.3,8750,10350,1600,2.5,225,1,1,2,2.2,3.8,2.7,2.3,77
revelstoke-mountain,british-columbia,can,50.958302,-118.16377,3.6,NA,NA,NA,1680,7300,5620,9.5,150,0,0,2,2.4,3.5,3.3,2.6,37
roundtop-mountain-resort,pennsylvania,usa,40.109451,-76.927551,2.9,0.2,0.25,0.4,800,1400,600,0.4,103,0,3,3,1.9,3.6,2.4,2.3,39
royal-mountain-ski-area,new-york,usa,43.081303,-74.504814,3.1,0.33,0.34,0.33,1250,1800,550,0.3,28,3,0,0,2.1,3.7,2.8,2.4,7
saddleback-inc,maine,usa,44.965057,-70.768219,3.1,0.35,0.3,0.25,2460,4120,2000,3.1,125,2,2,1,1.9,3.6,2.7,2.4,22
sandia-peak,new-mexico,usa,35.203705,-106.45057,3,0.31,0.46,0.23,8678,10378,1700,2,30,4,0,1,2.1,3.6,2.6,2.1,18
sapphire-valley,north-carolina,usa,35.125057,-83.057587,3,0,0,0,3200,3450,200,1,8,0,1,2,1.9,3.6,2.5,2.2,5
schweitzer,idaho,usa,48.367287,-116.6234,3.2,0.1,0.4,0.35,4000,6400,2400,2.1,47,3,0,2,2.3,3.5,3.1,2.7,53
searchmont-resort,ontario,can,46.7701,-84.049828,3.1,NA,NA,NA,899,1601,748,0.4,54,1,1,1,2,3.7,2.6,2.3,10
seven-oaks,iowa,usa,42.030697,-93.953384,2.9,0.25,0.5,0.25,800,975,275,1,35,0,0,2,1.9,3.5,2.4,2.1,4
seven-springs,pennsylvania,usa,40.022976,-79.297707,3.1,0.36,0.42,0.18,2240,2994,750,1.2,285,0,3,4,2.3,3.6,2.6,2.5,120
shanty-creek,michigan,usa,44.949333,-85.184845,3.1,0.24,0.24,0.51,675,1125,450,1,70,0,5,1,2.2,3.7,2.6,2.6,53
shawnee-mountain-ski-area,pennsylvania,usa,41.039612,-75.085258,3.2,0.26,0.48,0.26,650,1350,700,1.6,125,4,1,3,2.1,3.8,2.7,2.4,35
shawnee-peak,maine,usa,44.058994,-70.815536,3.1,0.25,0.45,0.2,600,1900,1350,0.8,234,1,1,1,2.1,3.7,2.8,2.5,20
showdown-ski-area,montana,usa,46.834595,-110.70396,3.1,0.28,0.44,0.28,6800,8200,1400,1.8,0,2,0,1,1.8,3.6,2.6,2.3,9
sierra-at-tahoe,california,usa,38.799351,-120.0809,3.5,0.25,0.5,0.15,6640,8852,2212,2.5,200,5,0,5,2.7,3.8,3.2,3,43
silver-mountain,idaho,usa,47.540638,-116.13294,3.2,0.2,0.4,0.3,4100,6300,2200,2.5,225,2,1,1,2.2,3.7,2.8,2.4,69
silver-star,british-columbia,can,50.359791,-119.05886,3.4,NA,NA,NA,3789,6283,2493,5,0,1,3,5,2.3,3.8,2.9,2.6,15
silverton-mountain,colorado,usa,37.884609,-107.66592,3.2,0,0,0,10400,13487,3087,1.5,0,1,0,0,2,3.3,2.9,2.1,48
sipapu-ski-and-summer-resort,new-mexico,usa,36.154202,-105.5481,3.2,0.2,0.4,0.3,8200,9255,1055,0.5,140,0,1,3,2.1,3.7,2.7,2.4,31
ski-apache,new-mexico,usa,33.39856,-105.70264,3.2,0.18,0.55,0.27,9600,11500,1900,2,270,0,2,2,2.1,3.8,2.7,2.4,128
ski-banff-norquay,alberta,can,51.200001,-115.635,4.1,NA,NA,NA,5512,8038,1650,0.7,161,1,2,2,3.8,4,4,3.5,4
ski-big-bear,pennsylvania,usa,41.52398272422852,-75.0233030708712,3.1,0.33,0.28,0.33,600,1250,650,1.5,26,4,0,2,2,3.6,2.6,2.2,28
ski-bromont,quebec,can,45.290882,-72.638381999999993,3.1,NA,NA,NA,541,1693,1152,0.9,200,1,5,1,2.2,3.6,2.6,2.3,17
ski-brule,michigan,usa,46.028988,-88.700523,4.4,0.35,0.35,0.24,1360,1860,500,1,150,5,0,6,4,4.6,4.1,3.9,1256
ski-butternut,massachusetts,usa,42.183659,-73.320152,3.2,0.2,0.6,0.2,800,1800,1000,1.5,110,1,3,6,2,3.8,2.7,2.3,50
ski-china-peak,california,usa,37.236526,-119.15727,3.2,0.11,0.28,0.33,7030,8709,1679,2.2,150,3,0,4,2.1,3.8,2.8,2.4,50
ski-cooper,colorado,usa,39.360786,-106.30281,3.1,0.28,0.36,0.36,10400,11700,1300,1,0,1,0,2,1.9,3.7,2.5,2.2,24
ski-granby-ranch,colorado,usa,40.045223,-105.90603,3.2,0.36,0.4,0.24,8202,9202,1000,0.6,170,1,0,1,2.1,3.8,2.7,2.4,35
ski-mystic-at-deer-mountain,south-dakota,usa,44.308327,-103.81841,NA,NA,NA,NA,NA,NA,NA,NA,NA,NA,NA,NA,NA,NA,NA,NA,NA
ski-santa-fe,new-mexico,usa,35.796253,-105.80237,3.2,0.2,0.4,0.35,10350,12075,1725,3,275,2,1,2,2.3,3.7,2.8,2.3,85
ski-sawmill,pennsylvania,usa,41.518604,-77.290749,3.2,0.35,0.25,0.4,1700,2215,515,0.1,13,1,0,3,1.7,3.7,2.5,2.3,14
ski-snowstar-winter-sports-park,illinois,usa,41.425201,-90.746178,2.8,0.15,0.4,0.45,528,790,262,0.8,28,2,2,2,1.7,3.3,2.2,2.2,14
ski-sundown,connecticut,usa,41.884686,-72.946701,3.2,0.5,0.25,0.19,450,1075,625,1,70,0,0,2,2.1,3.6,2.6,2.4,31
ski-ward,massachusetts,usa,42.301655,-71.681969,2.6,0.3,0.5,0.2,210,420,210,0.2,45,0,0,3,1.6,3.3,2.2,2,3
sleeping-giant-ski-resort,wyoming,usa,44.495159,-109.94362,3.3,0.15,0.38,0.35,6619,7428,810,1,18,1,0,1,2.3,3.7,3,2.7,5
smugglers-notch-resort,vermont,usa,44.588467,-72.790047,3.3,0.19,0.5,0.25,1030,3640,2610,3,192,6,0,2,2.6,3.8,3.3,2.9,71
sno-mountain,pennsylvania,usa,41.351242,-75.662918,NA,NA,NA,NA,NA,NA,NA,NA,NA,NA,NA,NA,NA,NA,NA,NA,NA
snow-creek,missouri,usa,36.966442,-90.352608,3,0.22,0.39,0.39,800,1100,300,0.3,30,1,0,2,2,3.6,2.5,2.1,22
snow-king-resort,wyoming,usa,43.473671,-110.75479,3,0.15,0.25,0.2,6237,7808,1571,1,250,1,1,0,1.5,3,2.3,1.9,7
snow-ridge,new-york,usa,42.027332,-74.108833,2.6,0.14,0.33,0.33,1350,2000,650,0.8,65,4,0,2,1.6,3.1,2.3,1.9,7
snow-snake-mountain-ski-area,michigan,usa,43.959106,-84.78093,2.7,0.3,0.5,0.2,1020,1230,210,0,40,0,0,5,1.3,3.3,2.2,1.9,2
snow-summit,california,usa,34.220562,-116.89253,3.2,0.26,0.42,0.1,7000,8200,1200,1.2,240,5,2,3,2.2,3.7,2.7,2.4,47
snow-trails,ohio,usa,40.672787,-82.500694,2.7,0.2,0.6,0.2,1174,1475,301,0.2,80,2,0,3,1.8,3.3,2.2,2.1,16
snow-valley,california,usa,34.22488,-117.03618,3.1,0.14,0.46,0.32,6800,7841,1041,1.2,188,6,0,1,2.1,3.7,2.6,2.3,48
snowbasin,utah,usa,41.216045,-111.8569,3.6,0.11,0.43,0.24,6400,9350,2950,3.5,625,0,0,2,2.3,3.8,2.9,2.7,74
snowbird,utah,usa,40.581894,-111.6552,4,0.27,0.38,0.2,7760,11000,3240,2.5,0,6,0,1,3.4,3.4,4,3,113
snowshoe-mountain-resort,west-virginia,usa,38.410797,-79.993607,3.2,0.36,0.33,0.19,3348,4848,1500,1.5,251,0,2,3,2.6,3.4,2.8,2.8,121
snowy-range-ski-recreation-area,wyoming,usa,41.341221,-106.18352,3.2,0.3,0.4,0.3,8798,9663,990,0.7,30,3,0,1,2.1,3.8,2.7,2.4,29
soda-springs,california,usa,39.323238,-120.37993,3,0.23,0.31,0.46,6700,7352,652,0.4,20,1,0,2,1.9,3.6,2.5,2.2,17
soldier-mountain-ski-area,idaho,usa,43.484718,-114.82917,3,0.2,0.5,0.1,5800,7200,1400,0.4,0,2,0,1,1.8,3.5,2.5,2.1,9
solitude-mountain-resort,utah,usa,40.61985,-111.59189,3.5,0.1,0.4,0.36,7988,10035,2047,3,200,1,2,0,2.2,3.7,3.3,2.3,57
song-mountain,new-york,usa,42.77422,-76.158768,2.6,0.5,0.29,0.13,1240,1940,700,0.4,70,1,0,3,1.5,3.1,2.1,1.8,9
spirit-mountain,minnesota,usa,46.718269,-92.216736,3,0.32,0.41,0.27,620,1320,700,1,175,1,1,2,2,3.5,2.4,2.3,31
spout-springs,oregon,usa,45.755562,-118.05092,2.9,0.45,0.35,0.2,4850,5500,610,0.1,0,2,0,2,1.6,3.6,2.6,2.4,5
spring-mountain-ski-area,pennsylvania,usa,40.272541,-75.450058,3,0.37,0.5,0.13,78,528,450,0.2,45,3,0,2,2,3.7,2.6,2.3,52
squaw-valley-usa,california,usa,39.197605,-120.23544,3.5,0.25,0.42,0.33,6200,9050,2850,3.2,1000,10,1,7,3.3,3.4,3.7,3.1,94
steamboat,colorado,usa,40.484978,-106.83172,4,0.14,0.42,0.44,6900,10568,3668,3,375,2,1,2,3.8,4,3.8,3.7,131
stevens-pass-resort,washington,usa,47.744812,-121.08902,3.3,0.06,0.48,0.28,4061,5845,1800,1,0,3,0,0,2.2,3.7,2.9,2.5,78
stoneham,quebec,can,47.030373,-71.393021,3,NA,NA,NA,541,1946,1152,0.9,200,1,2,3,1.9,3.5,2.4,2.2,4
stowe-mountain-resort,vermont,usa,44.529732,-72.779274,3.3,0.16,0.55,0.15,2035,4395,2360,3.7,388,2,4,3,2.7,3.6,3.2,2.8,77
stratton-mountain,vermont,usa,43.113441,-72.908127,3.2,0.41,0.31,0.17,1872,3875,2003,3,570,1,3,2,2.6,3.6,2.9,2.7,90
sugar-bowl-resort,california,usa,39.300442,-120.3334,3.5,0.17,0.45,0.26,6883,8383,1500,3,375,2,3,1,2.2,3.8,3.1,2.8,28
sugar-mountain-resort,north-carolina,usa,36.129955,-81.856972,3.1,0.33,0.43,0.19,4100,5300,1200,1.5,125,4,0,2,2.1,3.5,2.6,2.3,99
sugarbush,vermont,usa,44.136108,-72.894424,3.4,0.23,0.42,0.27,1483,4083,2600,3,356,4,2,3,2.7,3.8,3.4,2.8,83
sugarloaf,maine,usa,45.031445,-70.313126,3.2,0.23,0.34,0.28,1417,4237,2820,3.5,618,5,3,2,2.2,3.7,2.8,2.4,39
suicide-six,vermont,usa,43.665062,-72.543266,3.2,0.3,0.4,0.3,550,1200,650,0.4,50,2,0,1,2.1,3.8,2.7,2.3,12
sun-peaks,british-columbia,can,50.87746,-119.91014,3.6,NA,NA,NA,4117,7060,2894,5,250,0,2,6,2.4,3.9,3.3,2.7,35
sun-valley,idaho,usa,43.697128,-114.35172,3.9,0.36,0.42,0.2,5750,9150,3400,4,645,2,0,3,3.6,3.8,3.7,3.4,45
sunburst,wisconsin,usa,43.493935,-88.224007,2.8,0.15,0.46,0.31,866,1100,214,0.5,37,3,0,6,1.7,3.2,2.1,2.1,25
sundance,utah,usa,40.393421,-111.58877,3.4,0.35,0.45,0.19,6100,8250,2150,0.6,112,0,2,1,2.4,3.9,3,2.4,26
sunday-river,maine,usa,44.467155,-70.847153,3.3,0.21,0.32,0.23,825,3150,2340,3,552,1,5,1,2.4,3.8,2.9,2.5,74
sundown-mountain,iowa,usa,42.515648,-90.819305,3.1,0.3,0.6,0,584,1059,475,0.6,55,2,1,2,2.1,3.7,2.6,2.3,19
sunlight-mountain-resort,colorado,usa,39.39978,-107.33876,3.1,0.2,0.55,0.2,7885,9895,2010,2.5,21,2,0,0,1.9,3.7,2.7,2.3,20
sunrise-park-resort,arizona,usa,33.973656,-109.56401,3.2,0.4,0.4,0.2,9200,11100,1800,1.2,80,1,2,0,2.1,3.7,2.7,2.3,90
sunshine-village,alberta,can,51.115185,-115.76328,3.8,NA,NA,NA,5440,8957,3510,5,0,0,2,2,3.1,4,3.6,3.5,39
swain,new-york,usa,42.477844,-77.853333,3.1,0.27,0.39,0.33,1320,1970,650,1,90,1,3,1,1.9,3.7,2.6,2.3,13
swiss-valley,michigan,usa,41.954136,-85.827141,3,0.36,0.36,0.27,975,1200,225,0.1,60,0,2,4,1.9,3.7,2.4,2.2,18
tahoe-donner,california,usa,39.316296,-120.33215,3.3,0.4,0.6,0,6750,7350,600,1,0,1,1,3,2.2,3.8,2.7,2.3,18
tamarack-resort,idaho,usa,44.668079,-116.11757,3.5,0.17,0.45,0.38,4900,7700,2800,1.5,200,0,2,2,2.6,3.9,3.2,2.9,45
taos-ski-valley,new-mexico,usa,36.596001,-105.4545,3.9,0.15,0.17,0.32,9207,12481,3274,5,647,5,4,3,3.2,4.1,3.7,3.5,117
telluride,colorado,usa,37.937492,-107.81229,4.3,0.14,0.29,0.26,8725,13150,4425,4.6,220,2,1,3,4,4.1,4.2,3.8,82
terry-peak-ski-area,south-dakota,usa,44.327484,-103.83521,3.2,0.2,0.5,0.15,5900,7100,1100,1.2,225,0,0,1,2.1,3.7,2.6,2.2,13
teton-pass-ski-area,montana,usa,47.929813,-112.81095,2.9,0.15,0.35,0.4,6190,7200,1010,3,0,1,0,2,1.7,3.5,2.4,2.1,3
the-homestead,michigan,usa,44.913441,-85.964355,3.2,0.27,0.47,0.27,580,900,320,0.2,16,1,0,2,2.1,3.7,2.7,2.3,3
the-homestead-ski-area,virginia,usa,37.997448,-79.824318,2.7,0.33,0.33,0.34,2500,3200,700,1,100,1,0,4,1.7,3.3,2.2,2,6
the-summit-at-snoqualmie,washington,usa,47.420441,-121.4211,3,0.17,0.37,0.37,2640,5420,2280,0.8,5,10,3,7,2,3.6,2.6,2.3,40
thunder-ridge,new-york,usa,41.507931,-73.586082,3.1,0.4,0.4,0.2,770,1270,500,0.4,100,2,0,3,2.1,3.6,2.5,2.2,29
timber-ridge,michigan,usa,42.391403,-85.779198,3,0.44,0.38,0,600,850,250,0.3,50,2,1,4,1.9,3.7,2.5,2.3,22
timberline-four-seasons,west-virginia,usa,39.042454,-79.399033,3.2,0.34,0.32,0.14,3268,4268,1000,2,100,1,0,1,2.4,3.6,3.1,2.3,55
timberline-lodge,oregon,usa,45.331207,-121.71124,2.9,0.25,0.5,0.25,6000,8540,2540,2,0,0,0,5,1.9,3.6,2.6,2.6,29
titus-mountain,new-york,usa,44.765751,-74.233978,3.2,0.34,0.38,0.22,825,2025,1200,2,150,6,0,2,1.9,3.7,2.7,2.3,15
toggenburg-mountain,new-york,usa,42.826237,-75.959877,2.9,0.33,0.33,0.34,1300,2000,700,0.4,0,1,0,3,1.6,3.5,2.4,2.2,11
treetops-resort,michigan,usa,45.033073,-84.589226,2.6,0.17,0.43,0.39,1120,1345,225,0.2,80,0,0,2,1.4,3,2.2,1.8,5
tremblant,quebec,can,46.118462,-74.596184,3.5,NA,NA,NA,755,2871,2116,3.7,481,0,1,3,3.1,3.8,3,3.2,74
trollhaugen,wisconsin,usa,45.351315,-92.618095,3,0.26,0.39,0.35,920,1200,260,0.5,86,1,2,5,2,3.5,2.4,2.2,11
tussey-mountain,pennsylvania,usa,40.209999,-78.332222,3,0.4,0.4,0,1230,1750,520,0.3,30,1,1,3,1.6,3.5,2.3,2.1,12
tyrol-basin,wisconsin,usa,43.046036,-89.78051,2.9,0.23,0.33,0.4,860,1160,300,0.5,32,0,0,2,1.9,3.6,2.5,2.7,25
vail,colorado,usa,39.640263,-106.3742,3.9,0.18,0.29,0.28,8120,11570,3450,4,461,0,1,9,3.8,3.9,4,3.5,184
villa-olivia,illinois,usa,42.012825,-88.220161,3,0.4,0.4,0.1,320,500,180,0.1,15,0,1,6,2.1,3.6,2.6,2.3,23
vorlage,quebec,can,45.644726,-75.934586,2.6,NA,NA,NA,728,1198,466,0.3,60,3,0,1,1.4,3.3,2.4,2.2,6
wachusett-mountain-ski-area,massachusetts,usa,42.502979,-71.886314,3.2,0.3,0.4,0.3,1006,2006,1000,1.5,108,0,0,4,2.5,3.8,2.8,2.6,66
waterville-valley,new-hampshire,usa,43.950069,-71.499519,3.4,0.15,0.6,0.22,1984,4004,2020,3,220,3,0,4,2.4,3.7,3,2.9,37
welch-village,minnesota,usa,44.560738,-92.730415,3.2,0.31,0.5,0.15,700,1060,360,0.8,125,4,3,2,2.2,3.7,2.7,2.3,36
west-mountain,new-york,usa,44.69376,-74.123466,3,0.36,0.55,0.09,460,1470,1010,0.6,105,2,0,2,2,3.6,2.5,2.3,27
whaleback-mountain,new-hampshire,usa,43.601704,-72.180267,3.2,0.23,0.41,0.23,1100,1800,700,1,60,1,0,2,2.1,3.7,2.9,2.3,7
whistler-blackcomb,british-columbia,can,50.114964,-122.94865,3.7,NA,NA,NA,2215,7493,5279,6.8,565,0,0,15,3.9,4,4.1,3.8,158
white-pass,washington,usa,46.638144,-121.391334,3.3,0.2,0.6,0.2,4500,6550,2050,2.5,30,2,1,2,2.2,3.8,2.8,2.4,36
white-pine-ski-area,wyoming,usa,42.977848,-109.75866,2.3,0.28,0.32,0.4,8400,9500,1100,0.4,0,0,0,0,1.2,2.9,2,1.8,2
whitecap-mountain,wisconsin,usa,46.40799,-90.395195,3.2,0.33,0.33,0.22,1295,1750,400,1,300,4,1,2,2.1,3.7,2.8,2.2,40
whiteface-mountain-resort,new-york,usa,44.297062,-74.010567,3.2,0.2,0.42,0.38,1220,4650,3430,2.1,220,5,1,1,2.3,3.7,2.8,2.4,68
whitefish-mountain-resort,montana,usa,48.480591,-114.35033,3.3,0.12,0.4,0.42,4464,6817,2353,3.3,600,0,2,3,2.2,3.7,2.8,2.4,60
whitetail-resort,pennsylvania,usa,39.741768,-77.933281,3.2,0.32,0.45,0,865,1800,935,1,120,2,3,2,2.1,3.8,2.7,2.5,61
whitewater,british-columbia,can,49.444302,-117.14653,3.2,NA,NA,NA,5400,6640,2044,1.9,0,2,0,1,2.1,3.7,2.8,2.2,16
wild-mountain-ski-snowboard-area,minnesota,usa,45.488842,-92.705307,2.9,0.3,0.33,0.33,813,1113,300,0.9,100,0,4,4,1.8,3.4,2.3,2.1,22
wildcat-mountain,new-hampshire,usa,44.258953,-71.201462,3.2,0.21,0.46,0.33,1950,4062,2112,2.8,200,0,0,1,2.1,3.7,2.8,2.2,25
willamette-pass,oregon,usa,43.600399,-122.03809,3.3,0.21,0.45,0.1,5120,6683,1563,2.1,60,0,0,1,2.2,3.8,2.9,2.4,46
willard-mountain,new-york,usa,43.020657,-73.515884,3.1,0.3,0.4,0.3,910,1415,505,0.4,35,2,0,3,2,3.6,2.6,2.3,7
wilmot-mountain,wisconsin,usa,42.499935,-88.190102,3.2,0.4,0.35,0.25,800,1030,230,0.5,135,2,3,3,2.2,3.6,2.6,2.4,38
windham-mountain,new-york,usa,42.293732,-74.256714,3.3,0.3,0.43,0.16,1500,3100,1600,2,280,1,0,5,2.6,3.9,3.2,3,48
winter-park-resort,colorado,usa,39.886848,-105.76255,3.5,0.24,0.38,0.34,9000,12060,3060,4.6,299,6,0,5,3.1,3.7,3.6,3.4,153
wintergreen-resort,virginia,usa,37.929886,-78.941742,3.2,0.23,0.35,0.42,2512,3515,1003,1,129,1,1,0,2.2,3.7,2.8,2.4,58
winterplace-ski-resort,west-virginia,usa,37.595745,-81.119972,3.1,0.37,0.4,0.23,2997,3600,603,1.2,90,2,2,2,2,3.6,2.6,2.3,43
wisp,maryland,usa,39.562504,-79.378784,3.1,0.35,0.38,0.27,2415,3115,700,1.5,118,0,2,5,2.4,3.6,2.9,2.6,63
wolf-creek,utah,usa,41.310356,-111.86485,NA,NA,NA,NA,NA,NA,NA,NA,NA,NA,NA,NA,NA,NA,NA,NA,NA
wolf-creek-ski-area,colorado,usa,37.474758,-106.79359,3.5,0.2,0.35,0.25,10300,11904,1604,2,0,1,1,3,2.3,3.8,3,2.3,135
wolf-ridge-ski-resort,north-carolina,usa,35.955097,-82.509048,3,0.27,0.6,0.13,4000,4700,720,0.6,65,1,1,2,1.7,3.6,2.5,2.2,27
woodbury-ski-area,connecticut,usa,41.590599,-73.255363,2.2,0.25,0.25,0.25,430,730,300,0.2,50,1,0,4,1.4,2.6,1.9,1.9,15
woods-valley-ski-area,new-york,usa,43.302666,-75.384758,2.9,0.2,0.6,0.2,900,1400,500,0.3,16,2,0,4,1.7,3.6,2.4,2.2,9
yawgoo-valley,rhode-island,usa,41.517597,-71.52726,3.3,0.3,0.4,0.3,70,315,245,0.2,30,2,0,2,2.2,3.8,2.7,2.3,5
yosemite-ski-snowboard-area,california,usa,37.66265838738232,-119.66121973276977,3.2,0.35,0.5,0.15,7200,7800,600,0.4,0,3,0,1,2.1,3.8,2.6,2.2,17
